{
  "name": "Judson",
  "designer": "Daniel Johnson",
  "license": "OFL",
  "visibility": "External",
  "category": "Serif",
  "size": 100370,
  "fonts": [
    {
      "name": "Judson",
      "style": "normal",
      "weight": 400,
      "filename": "Judson-Regular.ttf",
      "postScriptName": "Judson-Regular",
      "fullName": "Judson Regular",
      "copyright": "Copyright (c) 2010, 2011 by Daniel Johnson (il.basso.buffo@gmail.com). Released under the terms of the SIL Open Font License v1.1."
    },
    {
      "name": "Judson",
      "style": "italic",
      "weight": 400,
      "filename": "Judson-Italic.ttf",
      "postScriptName": "Judson-Italic",
      "fullName": "Judson Italic",
      "copyright": "Copyright (c) 2010, 2011 by Daniel Johnson (il.basso.buffo@gmail.com). Released under the terms of the SIL Open Font License v1.1."
    },
    {
      "name": "Judson",
      "style": "normal",
      "weight": 700,
      "filename": "Judson-Bold.ttf",
      "postScriptName": "Judson-Bold",
      "fullName": "Judson Bold",
      "copyright": "Copyright (c) 2010, 2011 by Daniel Johnson (il.basso.buffo@gmail.com). Released under the terms of the SIL Open Font License v1.1."
    }
  ],
  "subsets": [
    "latin",
    "latin-ext",
    "menu"
  ],
  "dateAdded": "2011-05-04"
}
